"experience_level","average_session_duration","average_calories_burned"
3,"1.7592670157068063","1265.3403141361256545"
2,"1.2478817733990148","901.9187192118226601"
1,"1.0102127659574468","726.3750000000000000"
