"workout_type","average_max_bpm","average_bpm","average_resting_bmp"
"Yoga","180.6066945606694561","143.2677824267782427","61.7824267782426778"
"HIIT","180.1131221719457014","143.5248868778280543","62.6877828054298643"
"Cardio","179.8745098039215686","143.8901960784313725","61.9882352941176471"
"Strength","179.0271317829457364","144.3139534883720930","62.4651162790697674"
