"water_intake_buckets","members","average_calories_burned","average_session_duration"
"High","268","1028.2201492537313433","1.3625000000000000"
"Moderate","567","876.4497354497354497","1.2356261022927690"
"Low","138","785.9855072463768116","1.1358695652173913"
