"workout_type","average_calories_burned","average_session_duration"
"HIIT","925.8054298642533937","1.2870588235294118"
"Strength","910.6976744186046512","1.2601550387596899"
"Yoga","903.1882845188284519","1.2628451882845188"
"Cardio","884.5137254901960784","1.2200784313725490"
